{
    "ordering": [
        [
            "A1"
        ],
        [
            "A2"
        ],
        [
            "A3"
        ],
        [
            "A4"
        ],
        [
            "A5"
        ],
        [
            "A6"
        ],
        [
            "A7"
        ],
        [
            "A8"
        ],
        [
            "A9"
        ],
        [
            "A10"
        ],
        [
            "A11"
        ],
        [
            "A12"
        ]
    ],
    "brand": {
        "brand": "Agilent",
        "brandId": [
            "201256-100"
        ]
    },
    "metadata": {
        "displayName": "Agilent 12 Reservoir 21000 µL",
        "displayCategory": "reservoir",
        "displayVolumeUnits": "µL",
        "tags": []
    },
    "dimensions": {
        "xDimension": 127.88,
        "yDimension": 85.48,
        "zDimension": 43.74
    },
    "wells": {
        "A1": {
            "depth": 39,
            "totalLiquidVolume": 21000,
            "shape": "rectangular",
            "xDimension": 8.15,
            "yDimension": 71.28,
            "x": 12.28,
            "y": 42.4,
            "z": 4.74
        },
        "A2": {
            "depth": 39,
            "totalLiquidVolume": 21000,
            "shape": "rectangular",
            "xDimension": 8.15,
            "yDimension": 71.28,
            "x": 21.78,
            "y": 42.4,
            "z": 4.74
        },
        "A3": {
            "depth": 39,
            "totalLiquidVolume": 21000,
            "shape": "rectangular",
            "xDimension": 8.15,
            "yDimension": 71.28,
            "x": 31.28,
            "y": 42.4,
            "z": 4.74
        },
        "A4": {
            "depth": 39,
            "totalLiquidVolume": 21000,
            "shape": "rectangular",
            "xDimension": 8.15,
            "yDimension": 71.28,
            "x": 40.78,
            "y": 42.4,
            "z": 4.74
        },
        "A5": {
            "depth": 39,
            "totalLiquidVolume": 21000,
            "shape": "rectangular",
            "xDimension": 8.15,
            "yDimension": 71.28,
            "x": 50.28,
            "y": 42.4,
            "z": 4.74
        },
        "A6": {
            "depth": 39,
            "totalLiquidVolume": 21000,
            "shape": "rectangular",
            "xDimension": 8.15,
            "yDimension": 71.28,
            "x": 59.78,
            "y": 42.4,
            "z": 4.74
        },
        "A7": {
            "depth": 39,
            "totalLiquidVolume": 21000,
            "shape": "rectangular",
            "xDimension": 8.15,
            "yDimension": 71.28,
            "x": 69.28,
            "y": 42.4,
            "z": 4.74
        },
        "A8": {
            "depth": 39,
            "totalLiquidVolume": 21000,
            "shape": "rectangular",
            "xDimension": 8.15,
            "yDimension": 71.28,
            "x": 78.78,
            "y": 42.4,
            "z": 4.74
        },
        "A9": {
            "depth": 39,
            "totalLiquidVolume": 21000,
            "shape": "rectangular",
            "xDimension": 8.15,
            "yDimension": 71.28,
            "x": 88.28,
            "y": 42.4,
            "z": 4.74
        },
        "A10": {
            "depth": 39,
            "totalLiquidVolume": 21000,
            "shape": "rectangular",
            "xDimension": 8.15,
            "yDimension": 71.28,
            "x": 97.78,
            "y": 42.4,
            "z": 4.74
        },
        "A11": {
            "depth": 39,
            "totalLiquidVolume": 21000,
            "shape": "rectangular",
            "xDimension": 8.15,
            "yDimension": 71.28,
            "x": 107.28,
            "y": 42.4,
            "z": 4.74
        },
        "A12": {
            "depth": 39,
            "totalLiquidVolume": 21000,
            "shape": "rectangular",
            "xDimension": 8.15,
            "yDimension": 71.28,
            "x": 116.78,
            "y": 42.4,
            "z": 4.74
        }
    },
    "groups": [
        {
            "metadata": {
                "wellBottomShape": "v"
            },
            "wells": [
                "A1",
                "A2",
                "A3",
                "A4",
                "A5",
                "A6",
                "A7",
                "A8",
                "A9",
                "A10",
                "A11",
                "A12"
            ]
        }
    ],
    "parameters": {
        "format": "irregular",
        "quirks": [
            "centerMultichannelOnWells",
            "touchTipDisabled"
        ],
        "isTiprack": false,
        "isMagneticModuleCompatible": false,
        "loadName": "agilent_12_reservoir_21000ul"
    },
    "namespace": "custom_beta",
    "version": 1,
    "schemaVersion": 2,
    "cornerOffsetFromSlot": {
        "x": 0,
        "y": 0,
        "z": 0
    }
}